<?xml version="1.0" encoding="UTF-8"?>
<jcr:root xmlns:sling="http://sling.apache.org/jcr/sling/1.0" xmlns:granite="http://www.adobe.com/jcr/granite/1.0" xmlns:cq="http://www.day.com/jcr/cq/1.0" xmlns:jcr="http://www.jcp.org/jcr/1.0" xmlns:nt="http://www.jcp.org/jcr/nt/1.0"
    jcr:primaryType="nt:unstructured"
    jcr:title="PolicyList"
    sling:resourceType="cq/gui/components/authoring/dialog">
    <content
        jcr:primaryType="nt:unstructured"
        sling:resourceType="granite/ui/components/coral/foundation/container">
        <items jcr:primaryType="nt:unstructured">
            <properties
                jcr:primaryType="nt:unstructured"
                jcr:title="Details"
                sling:resourceType="granite/ui/components/coral/foundation/container"
                margin="{Boolean}true">
                <items jcr:primaryType="nt:unstructured">
                    <columns
                        jcr:primaryType="nt:unstructured"
                        sling:resourceType="granite/ui/components/coral/foundation/fixedcolumns"
                        margin="{Boolean}true">
                        <items jcr:primaryType="nt:unstructured">
                            <column
                                granite:class="cq-RichText-FixedColumn-column"
                                jcr:primaryType="nt:unstructured"
                                sling:resourceType="granite/ui/components/coral/foundation/container">
                                <items jcr:primaryType="nt:unstructured">
                                    <multiFieldforpolicynames
                                        jcr:primaryType="nt:unstructured"
                                        sling:resourceType="granite/ui/components/coral/foundation/form/multifield"
                                        composite="{Boolean}true"
                                        eaem-show-on-collapse="EAEM.showProductName"
                                        fieldDescription="Multifield for field label"
                                        fieldLabel="Policies"
                                        name="multiFieldForImage">
                                        <field
                                            jcr:primaryType="nt:unstructured"
                                            sling:resourceType="granite/ui/components/coral/foundation/container"
                                            name="./policylist">
                                            <items jcr:primaryType="nt:unstructured">
                                                <column
                                                    jcr:primaryType="nt:unstructured"
                                                    sling:resourceType="granite/ui/components/coral/foundation/container">
                                                    <items jcr:primaryType="nt:unstructured">
                                                        <policiesImage
                                                            jcr:primaryType="nt:unstructured"
                                                            sling:resourceType="granite/ui/components/coral/foundation/form/pathbrowser"
                                                            fieldLabel="PoliciesImage"
                                                            id="imageSelectionField"
                                                            name="./policiesImage"
                                                            rootPath="/content/dam/"/>
                                                        <textOverImage
                                                            jcr:primaryType="nt:unstructured"
                                                            sling:resourceType="granite/ui/components/coral/foundation/form/textfield"
                                                            fieldLabel="PoliciesImageText"
                                                            name="./policiesImageText"/>
                                                    </items>
                                                </column>
                                            </items>
                                        </field>
                                    </multiFieldforpolicynames>
                                    <multiFieldforpolicycard
                                        jcr:primaryType="nt:unstructured"
                                        sling:resourceType="granite/ui/components/coral/foundation/form/multifield"
                                        composite="{Boolean}true"
                                        eaem-show-on-collapse="EAEM.showProductName"
                                        fieldDescription="Multifield for Policy Card"
                                        fieldLabel="Policy Card"
                                        name="Policy Card">
                                        <field
                                            jcr:primaryType="nt:unstructured"
                                            sling:resourceType="granite/ui/components/coral/foundation/container"
                                            name="./policycard">
                                            <items jcr:primaryType="nt:unstructured">
                                                <column
                                                    jcr:primaryType="nt:unstructured"
                                                    sling:resourceType="granite/ui/components/coral/foundation/container">
                                                    <items jcr:primaryType="nt:unstructured">
                                                        <policyrate
                                                            jcr:primaryType="nt:unstructured"
                                                            sling:resourceType="granite/ui/components/coral/foundation/form/textfield"
                                                            fieldLabel="Policy Rate"
                                                            name="./policyRate"/>
                                                        <policytext
                                                            jcr:primaryType="nt:unstructured"
                                                            sling:resourceType="granite/ui/components/coral/foundation/form/textfield"
                                                            fieldLabel="Policy Text"
                                                            name="./policyText"/>
                                                    </items>
                                                </column>
                                            </items>
                                        </field>
                                    </multiFieldforpolicycard>
                                </items>
                            </column>
                        </items>
                    </columns>
                </items>
            </properties>
        </items>
    </content>
</jcr:root>
