<?xml version="1.0" encoding="UTF-8"?>
<jcr:root xmlns:sling="http://sling.apache.org/jcr/sling/1.0" xmlns:granite="http://www.adobe.com/jcr/granite/1.0" xmlns:cq="http://www.day.com/jcr/cq/1.0" xmlns:jcr="http://www.jcp.org/jcr/1.0" xmlns:nt="http://www.jcp.org/jcr/nt/1.0"
    jcr:primaryType="nt:unstructured"
    jcr:title="PathBrowser&#xa;"
    sling:resourceType="cq/gui/components/authoring/dialog">
    <content
        jcr:primaryType="nt:unstructured"
        sling:resourceType="granite/ui/components/coral/foundation/container">
        <items jcr:primaryType="nt:unstructured">
            <properties
                jcr:primaryType="nt:unstructured"
                jcr:title="Details"
                sling:resourceType="granite/ui/components/coral/foundation/container"
                margin="{Boolean}true">
                <items jcr:primaryType="nt:unstructured">
                    <columns
                        jcr:primaryType="nt:unstructured"
                        sling:resourceType="granite/ui/components/coral/foundation/fixedcolumns"
                        margin="{Boolean}true">
                        <items jcr:primaryType="nt:unstructured">
                            <column
                                granite:class="cq-RichText-FixedColumn-column"
                                jcr:primaryType="nt:unstructured"
                                sling:resourceType="granite/ui/components/coral/foundation/container">
                                <items jcr:primaryType="nt:unstructured">
                                    <logo
                                        jcr:primaryType="nt:unstructured"
                                        sling:resourceType="granite/ui/components/coral/foundation/form/pathbrowser"
                                        fieldLabel="Logo Selection Field"
                                        id="logoselection"
                                        name="./logoRbi"
                                        rootPath="/content/dam/"/>
                                    <Header_x0020_Name
                                        jcr:primaryType="nt:unstructured"
                                        sling:resourceType="granite/ui/components/coral/foundation/form/multifield"
                                        composite="{Boolean}true"
                                        eaem-show-on-collapse="EAEM.showProductName"
                                        fieldDescription="Multifield for field label"
                                        fieldLabel="Navigation Header"
                                        name="multiFieldForImageTwo">
                                        <field
                                            jcr:primaryType="nt:unstructured"
                                            sling:resourceType="granite/ui/components/coral/foundation/container"
                                            name="./navbarmultifieldtwo">
                                            <items jcr:primaryType="nt:unstructured">
                                                <column
                                                    jcr:primaryType="nt:unstructured"
                                                    sling:resourceType="granite/ui/components/coral/foundation/container">
                                                    <items jcr:primaryType="nt:unstructured">
                                                        <headerpagehref
                                                            jcr:primaryType="nt:unstructured"
                                                            sling:resourceType="granite/ui/components/coral/foundation/form/pathbrowser"
                                                            fieldDescription="Headerpagelink"
                                                            fieldLabel="Header Page Link"
                                                            name="./headerPageHref"/>
                                                        <headername
                                                            jcr:primaryType="nt:unstructured"
                                                            sling:resourceType="granite/ui/components/coral/foundation/form/textfield"
                                                            fieldDescription="Header Page Name"
                                                            fieldLabel="Header Name"
                                                            name="./headerName"/>
                                                    </items>
                                                </column>
                                            </items>
                                        </field>
                                    </Header_x0020_Name>
                                    <icons
                                        jcr:primaryType="nt:unstructured"
                                        sling:resourceType="granite/ui/components/coral/foundation/form/multifield"
                                        composite="{Boolean}true"
                                        eaem-show-on-collapse="EAEM.showProductName"
                                        fieldDescription="Multifield for field label"
                                        fieldLabel="Icon Image"
                                        name="multiFieldForImageOne">
                                        <field
                                            jcr:primaryType="nt:unstructured"
                                            sling:resourceType="granite/ui/components/coral/foundation/container"
                                            name="./navbarmultifieldone">
                                            <items jcr:primaryType="nt:unstructured">
                                                <column
                                                    jcr:primaryType="nt:unstructured"
                                                    sling:resourceType="granite/ui/components/coral/foundation/container">
                                                    <items jcr:primaryType="nt:unstructured">
                                                        <rupeeicon
                                                            jcr:primaryType="nt:unstructured"
                                                            sling:resourceType="granite/ui/components/coral/foundation/form/pathbrowser"
                                                            fieldLabel="Rupee Icon"
                                                            id="Rupee Icon"
                                                            name="./rupeeIcon"
                                                            rootPath="/content/dam/"/>
                                                    </items>
                                                </column>
                                            </items>
                                        </field>
                                    </icons>
                                    <toggletitle
                                        jcr:primaryType="nt:unstructured"
                                        sling:resourceType="granite/ui/components/coral/foundation/form/textfield"
                                        fieldDescription="Toggle Title"
                                        fieldLabel="Toggle Title"
                                        name="./toggleTitle"/>
                                    <Toogle_x0020_Data
                                        jcr:primaryType="nt:unstructured"
                                        sling:resourceType="granite/ui/components/coral/foundation/form/multifield"
                                        composite="{Boolean}true"
                                        eaem-show-on-collapse="EAEM.showProductName"
                                        fieldDescription="Multifield for field label"
                                        fieldLabel="Multifield Products Three"
                                        name="multiFieldForImageThree">
                                        <field
                                            jcr:primaryType="nt:unstructured"
                                            sling:resourceType="granite/ui/components/coral/foundation/container"
                                            name="./navbarmultifieldthree">
                                            <items jcr:primaryType="nt:unstructured">
                                                <column
                                                    jcr:primaryType="nt:unstructured"
                                                    sling:resourceType="granite/ui/components/coral/foundation/container">
                                                    <items jcr:primaryType="nt:unstructured">
                                                        <toggleicon
                                                            jcr:primaryType="nt:unstructured"
                                                            sling:resourceType="granite/ui/components/coral/foundation/form/pathbrowser"
                                                            fieldLabel="Toggle Icon"
                                                            id="Toggle Icon"
                                                            name="./toggleIcon"
                                                            rootPath="/content/dam/"/>
                                                        <toggletext
                                                            jcr:primaryType="nt:unstructured"
                                                            sling:resourceType="granite/ui/components/coral/foundation/form/textfield"
                                                            fieldDescription="Toggle Text"
                                                            fieldLabel="Toggle Text"
                                                            name="./toggleText"/>
                                                    </items>
                                                </column>
                                            </items>
                                        </field>
                                    </Toogle_x0020_Data>
                                    <togglebutton
                                        jcr:primaryType="nt:unstructured"
                                        sling:resourceType="granite/ui/components/coral/foundation/form/pathbrowser"
                                        fieldLabel="Toggle Button"
                                        id="toggleButton"
                                        name="./toggleButton"
                                        rootPath="/content/dam/"/>
                                </items>
                            </column>
                        </items>
                    </columns>
                </items>
            </properties>
        </items>
    </content>
</jcr:root>
